what,kind,bundleId,bundleVersion,description,time
activated,perspective,org.eclipse.cdt.ui,,"org.eclipse.cdt.ui.CPerspective",1330031483179
started,bundle,org.eclipse.osgi,3.7.1.R37x_v20110808-1106,"org.eclipse.osgi",1330031483180
started,bundle,org.eclipse.equinox.simpleconfigurator,1.0.200.v20110502-1955,"org.eclipse.equinox.simpleconfigurator",1330031483181
started,bundle,com.ibm.icu,4.4.2.v20110208,"com.ibm.icu",1330031483182
started,bundle,org.eclipse.cdt.codan.checkers,1.0.0.201109151620,"org.eclipse.cdt.codan.checkers",1330031483182
started,bundle,org.eclipse.cdt.codan.core,2.0.0.201109151620,"org.eclipse.cdt.codan.core",1330031483182
started,bundle,org.eclipse.cdt.codan.core.cxx,1.0.0.201109151620,"org.eclipse.cdt.codan.core.cxx",1330031483183
started,bundle,org.eclipse.cdt.codan.ui.cxx,2.0.0.201109151620,"org.eclipse.cdt.codan.ui.cxx",1330031483185
started,bundle,org.eclipse.cdt.core,5.3.1.201109151620,"org.eclipse.cdt.core",1330031483185
started,bundle,org.eclipse.cdt.make.core,7.1.1.201109151620,"org.eclipse.cdt.make.core",1330031483185
started,bundle,org.eclipse.cdt.make.ui,7.1.1.201109151620,"org.eclipse.cdt.make.ui",1330031483190
started,bundle,org.eclipse.cdt.managedbuilder.core,8.0.1.201109151620,"org.eclipse.cdt.managedbuilder.core",1330031483190
started,bundle,org.eclipse.cdt.ui,5.3.1.201109151620,"org.eclipse.cdt.ui",1330031483190
started,bundle,org.eclipse.core.contenttype,3.4.100.v20110423-0524,"org.eclipse.core.contenttype",1330031483190
started,bundle,org.eclipse.core.databinding.observable,1.4.0.I20110222-0800,"org.eclipse.core.databinding.observable",1330031483198
started,bundle,org.eclipse.core.expressions,3.4.300.v20110228,"org.eclipse.core.expressions",1330031483198
started,bundle,org.eclipse.core.filebuffers,3.5.200.v20110505-0800,"org.eclipse.core.filebuffers",1330031483198
started,bundle,org.eclipse.core.filesystem,1.3.100.v20110423-0524,"org.eclipse.core.filesystem",1330031483198
started,bundle,org.eclipse.core.jobs,3.5.100.v20110404,"org.eclipse.core.jobs",1330031483199
started,bundle,org.eclipse.core.net,1.2.100.I20110511-0800,"org.eclipse.core.net",1330031483199
started,bundle,org.eclipse.core.resources,3.7.100.v20110510-0712,"org.eclipse.core.resources",1330031483199
started,bundle,org.eclipse.core.runtime,3.7.0.v20110110,"org.eclipse.core.runtime",1330031483199
started,bundle,org.eclipse.core.runtime.compatibility,3.2.100.v20100505,"org.eclipse.core.runtime.compatibility",1330031483218
started,bundle,org.eclipse.core.runtime.compatibility.auth,3.2.200.v20110110,"org.eclipse.core.runtime.compatibility.auth",1330031483219
started,bundle,org.eclipse.egit.core,1.1.0.201109151100-r,"org.eclipse.egit.core",1330031483219
started,bundle,org.eclipse.egit.ui,1.1.0.201109151100-r,"org.eclipse.egit.ui",1330031483219
started,bundle,org.eclipse.epp.mpc.ui,1.1.1.I20110907-0947,"org.eclipse.epp.mpc.ui",1330031483219
started,bundle,org.eclipse.epp.usagedata.gathering,1.3.1.R201106061540,"org.eclipse.epp.usagedata.gathering",1330031483220
started,bundle,org.eclipse.epp.usagedata.recording,1.3.1.R201106061540,"org.eclipse.epp.usagedata.recording",1330031483220
started,bundle,org.eclipse.equinox.app,1.3.100.v20110321,"org.eclipse.equinox.app",1330031483220
started,bundle,org.eclipse.equinox.common,3.6.0.v20110523,"org.eclipse.equinox.common",1330031483220
started,bundle,org.eclipse.equinox.ds,1.3.1.R37x_v20110701,"org.eclipse.equinox.ds",1330031483221
started,bundle,org.eclipse.equinox.event,1.2.100.v20110502,"org.eclipse.equinox.event",1330031483221
started,bundle,org.eclipse.equinox.p2.artifact.repository,1.1.101.R37x_v20110714,"org.eclipse.equinox.p2.artifact.repository",1330031483221
started,bundle,org.eclipse.equinox.p2.core,2.1.0.v20110502-1955,"org.eclipse.equinox.p2.core",1330031483222
started,bundle,org.eclipse.equinox.p2.director,2.1.0.v20110504-1715,"org.eclipse.equinox.p2.director",1330031483222
started,bundle,org.eclipse.equinox.p2.directorywatcher,1.0.300.v20110502-1955,"org.eclipse.equinox.p2.directorywatcher",1330031483223
started,bundle,org.eclipse.equinox.p2.engine,2.1.0.v20110511,"org.eclipse.equinox.p2.engine",1330031483223
started,bundle,org.eclipse.equinox.p2.extensionlocation,1.2.100.v20110510,"org.eclipse.equinox.p2.extensionlocation",1330031483223
started,bundle,org.eclipse.equinox.p2.metadata,2.1.0.v20110510,"org.eclipse.equinox.p2.metadata",1330031483224
started,bundle,org.eclipse.equinox.p2.metadata.repository,1.2.0.v20110511-1359,"org.eclipse.equinox.p2.metadata.repository",1330031483224
started,bundle,org.eclipse.equinox.p2.operations,2.1.0.v20110511-1821,"org.eclipse.equinox.p2.operations",1330031483224
started,bundle,org.eclipse.equinox.p2.publisher,1.2.0.v20110511,"org.eclipse.equinox.p2.publisher",1330031483240
started,bundle,org.eclipse.equinox.p2.reconciler.dropins,1.1.100.v20110510,"org.eclipse.equinox.p2.reconciler.dropins",1330031483240
started,bundle,org.eclipse.equinox.p2.repository,2.1.0.v20110601,"org.eclipse.equinox.p2.repository",1330031483241
started,bundle,org.eclipse.equinox.p2.touchpoint.eclipse,2.1.1.R37x_v20110815-0935,"org.eclipse.equinox.p2.touchpoint.eclipse",1330031483241
started,bundle,org.eclipse.equinox.p2.ui.sdk.scheduler,1.0.100.v20110502-1955,"org.eclipse.equinox.p2.ui.sdk.scheduler",1330031483241
started,bundle,org.eclipse.equinox.p2.updatechecker,1.1.200.v20110502-1955,"org.eclipse.equinox.p2.updatechecker",1330031483270
started,bundle,org.eclipse.equinox.preferences,3.4.1.R37x_v20110725,"org.eclipse.equinox.preferences",1330031483270
started,bundle,org.eclipse.equinox.registry,3.5.101.R37x_v20110810-1611,"org.eclipse.equinox.registry",1330031483270
started,bundle,org.eclipse.equinox.security,1.1.1.R37x_v20110822-1018,"org.eclipse.equinox.security",1330031483270
started,bundle,org.eclipse.equinox.util,1.0.300.v20110502,"org.eclipse.equinox.util",1330031483270
started,bundle,org.eclipse.help,3.5.100.v20110426,"org.eclipse.help",1330031483271
started,bundle,org.eclipse.jface,3.7.0.I20110522-1430,"org.eclipse.jface",1330031483271
started,bundle,org.eclipse.jgit,1.1.0.201109151100-r,"org.eclipse.jgit",1330031483271
started,bundle,org.eclipse.jsch.core,1.1.300.I20110514-0800,"org.eclipse.jsch.core",1330031483271
started,bundle,org.eclipse.ltk.core.refactoring,3.5.201.r371_v20110824-0800,"org.eclipse.ltk.core.refactoring",1330031483271
started,bundle,org.eclipse.ltk.ui.refactoring,3.6.0.v20110505-0800,"org.eclipse.ltk.ui.refactoring",1330031483271
started,bundle,org.eclipse.mylyn.bugzilla.core,3.6.2.v20110903-0100,"org.eclipse.mylyn.bugzilla.core",1330031483271
started,bundle,org.eclipse.mylyn.bugzilla.ui,3.6.0.v20110608-1400,"org.eclipse.mylyn.bugzilla.ui",1330031483271
started,bundle,org.eclipse.mylyn.commons.identity,0.8.0.v20110608-1400,"org.eclipse.mylyn.commons.identity",1330031483272
started,bundle,org.eclipse.mylyn.commons.net,3.6.0.v20110608-1400,"org.eclipse.mylyn.commons.net",1330031483272
started,bundle,org.eclipse.mylyn.commons.ui,3.6.1.v20110720-0100,"org.eclipse.mylyn.commons.ui",1330031483272
started,bundle,org.eclipse.mylyn.context.core,3.6.1.v20110720-0100,"org.eclipse.mylyn.context.core",1330031483273
started,bundle,org.eclipse.mylyn.context.ui,3.6.0.v20110608-1400,"org.eclipse.mylyn.context.ui",1330031483273
started,bundle,org.eclipse.mylyn.monitor.ui,3.6.0.v20110608-1400,"org.eclipse.mylyn.monitor.ui",1330031483273
started,bundle,org.eclipse.mylyn.tasks.ui,3.6.2.v20110826-0100,"org.eclipse.mylyn.tasks.ui",1330031483273
started,bundle,org.eclipse.mylyn.team.ui,3.6.1.v20110825-0100,"org.eclipse.mylyn.team.ui",1330031483273
started,bundle,org.eclipse.search,3.7.0.v20110505-0800,"org.eclipse.search",1330031483273
started,bundle,org.eclipse.team.core,3.6.0.I20110525-0800,"org.eclipse.team.core",1330031483273
started,bundle,org.eclipse.team.cvs.core,3.3.400.I20110510-0800,"org.eclipse.team.cvs.core",1330031483273
started,bundle,org.eclipse.team.cvs.ui,3.3.400.I20110510-0800,"org.eclipse.team.cvs.ui",1330031483273
started,bundle,org.eclipse.team.ui,3.6.100.I20110525-0800,"org.eclipse.team.ui",1330031483273
started,bundle,org.eclipse.ui,3.7.0.I20110602-0100,"org.eclipse.ui",1330031483274
started,bundle,org.eclipse.ui.console,3.5.100.v20110511,"org.eclipse.ui.console",1330031483274
started,bundle,org.eclipse.ui.editors,3.7.0.v20110517-0800,"org.eclipse.ui.editors",1330031483274
started,bundle,org.eclipse.ui.forms,3.5.100.v20110425,"org.eclipse.ui.forms",1330031483274
started,bundle,org.eclipse.ui.ide,3.7.0.v20110809-1737,"org.eclipse.ui.ide",1330031483274
started,bundle,org.eclipse.ui.intro,3.4.100.v20110425,"org.eclipse.ui.intro",1330031483274
started,bundle,org.eclipse.ui.intro.universal,3.2.500.v20110510,"org.eclipse.ui.intro.universal",1330031483274
started,bundle,org.eclipse.ui.navigator,3.5.100.v20110809-2227,"org.eclipse.ui.navigator",1330031483274
started,bundle,org.eclipse.ui.navigator.resources,3.4.300.I20110421-1800,"org.eclipse.ui.navigator.resources",1330031483274
started,bundle,org.eclipse.ui.net,1.2.100.I20110511-0800,"org.eclipse.ui.net",1330031483274
started,bundle,org.eclipse.ui.views,3.6.0.I20110412-0800,"org.eclipse.ui.views",1330031483274
started,bundle,org.eclipse.ui.workbench,3.7.0.I20110519-0100,"org.eclipse.ui.workbench",1330031483274
started,bundle,org.eclipse.ui.workbench.texteditor,3.7.0.v20110505-0800,"org.eclipse.ui.workbench.texteditor",1330031483275
started,bundle,org.eclipse.update.configurator,3.3.100.v20100512,"org.eclipse.update.configurator",1330031483275
started,bundle,org.eclipse.update.core,3.2.500.v20110330,"org.eclipse.update.core",1330031483275
started,bundle,org.eclipse.update.scheduler,3.2.300.v20100512,"org.eclipse.update.scheduler",1330031483275
started,bundle,org.eclipse.jdt.core,3.7.1.v_B76_R37x,"org.eclipse.jdt.core",1330031483275
started,bundle,org.eclipse.jdt.core.manipulation,1.4.0.v20110505-0800,"org.eclipse.jdt.core.manipulation",1330031483275
started,bundle,org.eclipse.jdt.ui,3.7.1.r371_v20110824-0800,"org.eclipse.jdt.ui",1330031483275
os,sysinfo,,,"macosx",1330031483279
arch,sysinfo,,,"x86_64",1330031483279
ws,sysinfo,,,"cocoa",1330031483279
locale,sysinfo,,,"fr_FR",1330031483279
processors,sysinfo,,,"2",1330031483279
java.runtime.name,sysinfo,,,"Java(TM) SE Runtime Environment",1330031483279
java.runtime.version,sysinfo,,,"1.6.0_29-b11-402-10M3527",1330031483279
java.specification.name,sysinfo,,,"Java Platform API Specification",1330031483279
java.specification.vendor,sysinfo,,,"Sun Microsystems Inc.",1330031483279
java.specification.version,sysinfo,,,"1.6",1330031483279
java.vendor,sysinfo,,,"Apple Inc.",1330031483279
java.version,sysinfo,,,"1.6.0_29",1330031483279
java.vm.info,sysinfo,,,"mixed mode",1330031483279
java.vm.name,sysinfo,,,"Java HotSpot(TM) 64-Bit Server VM",1330031483279
java.vm.specification.name,sysinfo,,,"Java Virtual Machine Specification",1330031483279
java.vm.specification.vendor,sysinfo,,,"Sun Microsystems Inc.",1330031483279
java.vm.specification.version,sysinfo,,,"1.0",1330031483279
java.vm.vendor,sysinfo,,,"Apple Inc.",1330031483279
java.vm.version,sysinfo,,,"20.4-b02-402",1330031483279
deactivated,workbench,org.eclipse.ui.workbench,3.7.0.I20110519-0100,"",1330031488192
activated,workbench,org.eclipse.ui.workbench,3.7.0.I20110519-0100,"",1330031490466
opened,view,org.eclipse.jdt.ui,3.7.1.r371_v20110824-0800,"org.eclipse.jdt.ui.PackageExplorer",1330031490966
opened,view,org.eclipse.mylyn.tasks.ui,3.6.2.v20110826-0100,"org.eclipse.mylyn.tasks.ui.views.tasks",1330031491472
activated,perspective,org.eclipse.jdt.ui,3.7.1.r371_v20110824-0800,"org.eclipse.jdt.ui.JavaPerspective",1330031491509
activated,view,org.eclipse.ui.ide,3.7.0.v20110809-1737,"org.eclipse.ui.views.ProblemView",1330031491517
executed,command,org.eclipse.ui,3.7.0.I20110602-0100,"org.eclipse.ui.perspectives.showPerspective",1330031491551
executed,command,org.eclipse.ui,3.7.0.I20110602-0100,"org.eclipse.ui.perspectives.showPerspective",1330031491551
activated,view,org.eclipse.jdt.ui,3.7.1.r371_v20110824-0800,"org.eclipse.jdt.ui.PackageExplorer",1330031495731
executed,command,org.eclipse.ui,3.7.0.I20110602-0100,"org.eclipse.ui.file.refresh",1330031497794
executed,command,org.eclipse.ui,3.7.0.I20110602-0100,"org.eclipse.ui.file.refresh",1330031556171
activated,view,org.eclipse.mylyn.tasks.ui,3.6.2.v20110826-0100,"org.eclipse.mylyn.tasks.ui.views.tasks",1330031564479
activated,view,org.eclipse.jdt.ui,3.7.1.r371_v20110824-0800,"org.eclipse.jdt.ui.PackageExplorer",1330031564552
activated,view,org.eclipse.ui.views,3.6.0.I20110412-0800,"org.eclipse.ui.views.ContentOutline",1330031565945
activated,view,org.eclipse.jdt.ui,3.7.1.r371_v20110824-0800,"org.eclipse.jdt.ui.PackageExplorer",1330031566036
activated,view,org.eclipse.ui.ide,3.7.0.v20110809-1737,"org.eclipse.ui.views.ProblemView",1330031568655
activated,view,org.eclipse.jdt.ui,3.7.1.r371_v20110824-0800,"org.eclipse.jdt.ui.PackageExplorer",1330031568700
executed,command,org.eclipse.ui,3.7.0.I20110602-0100,"org.eclipse.ui.file.refresh",1330031573497
deactivated,workbench,org.eclipse.ui.workbench,3.7.0.I20110519-0100,"",1330031575585
activated,workbench,org.eclipse.ui.workbench,3.7.0.I20110519-0100,"",1330031576887
deactivated,workbench,org.eclipse.ui.workbench,3.7.0.I20110519-0100,"",1330031589373
activated,workbench,org.eclipse.ui.workbench,3.7.0.I20110519-0100,"",1330031591987
closed,workbench,org.eclipse.ui.workbench,3.7.0.I20110519-0100,"",1330031592142
started,bundle,org.eclipse.compare.core,3.5.200.I20110208-0800,"org.eclipse.compare.core",1330031592774
started,bundle,org.eclipse.compare,3.5.201.R37x_v20110817-0800,"org.eclipse.compare",1330031592775
stopped,bundle,org.eclipse.cdt.build.crossgcc,1.0.0.201109151620,"org.eclipse.cdt.build.crossgcc",1330031593027
stopped,bundle,org.eclipse.cdt.codan.checkers.ui,1.0.0.201109151620,"org.eclipse.cdt.codan.checkers.ui",1330031593027
stopped,bundle,org.eclipse.cdt.codan.checkers,1.0.0.201109151620,"org.eclipse.cdt.codan.checkers",1330031593038
stopped,bundle,org.eclipse.cdt.codan.ui.cxx,2.0.0.201109151620,"org.eclipse.cdt.codan.ui.cxx",1330031593040
stopped,bundle,org.eclipse.cdt.codan.core.cxx,1.0.0.201109151620,"org.eclipse.cdt.codan.core.cxx",1330031593042
stopped,bundle,org.eclipse.cdt.launch.remote,2.3.0.201109151620,"org.eclipse.cdt.launch.remote",1330031593042
stopped,bundle,org.eclipse.cdt.debug.mi.ui,6.1.0.201109151620,"org.eclipse.cdt.debug.mi.ui",1330031593042
stopped,bundle,org.eclipse.cdt.debug.mi.core,7.1.1.201109151620,"org.eclipse.cdt.debug.mi.core",1330031593042
stopped,bundle,org.eclipse.cdt.debug.ui.memory.memorybrowser,1.2.100.201109151620,"org.eclipse.cdt.debug.ui.memory.memorybrowser",1330031593042
stopped,bundle,org.eclipse.cdt.debug.ui.memory.search,1.2.0.201109151620,"org.eclipse.cdt.debug.ui.memory.search",1330031593042
stopped,bundle,org.eclipse.cdt.dsf.gdb.ui,2.2.1.201109151620,"org.eclipse.cdt.dsf.gdb.ui",1330031593043
stopped,bundle,org.eclipse.cdt.dsf.ui,2.2.0.201109151620,"org.eclipse.cdt.dsf.ui",1330031593044
stopped,bundle,org.eclipse.cdt.gdb.ui,7.0.0.201109151620,"org.eclipse.cdt.gdb.ui",1330031593044
stopped,bundle,org.eclipse.cdt.dsf.gdb,4.0.1.201109151620,"org.eclipse.cdt.dsf.gdb",1330031593044
stopped,bundle,org.eclipse.cdt.launch,7.0.0.201109151620,"org.eclipse.cdt.launch",1330031593046
stopped,bundle,org.eclipse.cdt.debug.ui,7.1.1.201109151620,"org.eclipse.cdt.debug.ui",1330031593046
stopped,bundle,org.eclipse.cdt.debug.ui.memory.traditional,1.2.0.201109151620,"org.eclipse.cdt.debug.ui.memory.traditional",1330031593046
stopped,bundle,org.eclipse.cdt.dsf,2.2.0.201109151620,"org.eclipse.cdt.dsf",1330031593047
stopped,bundle,org.eclipse.cdt.debug.core,7.1.0.201109151620,"org.eclipse.cdt.debug.core",1330031593048
stopped,bundle,org.eclipse.linuxtools.cdt.autotools.ui,1.0.1.201108301805,"org.eclipse.linuxtools.cdt.autotools.ui",1330031593048
stopped,bundle,org.eclipse.linuxtools.cdt.autotools.core,1.0.2.201108301805,"org.eclipse.linuxtools.cdt.autotools.core",1330031593048
stopped,bundle,org.eclipse.cdt.managedbuilder.ui,8.0.0.201109151620,"org.eclipse.cdt.managedbuilder.ui",1330031593049
stopped,bundle,org.eclipse.cdt.make.ui,7.1.1.201109151620,"org.eclipse.cdt.make.ui",1330031593049
stopped,bundle,org.eclipse.cdt.managedbuilder.gnu.ui,8.0.1.201109151620,"org.eclipse.cdt.managedbuilder.gnu.ui",1330031593050
stopped,bundle,org.eclipse.cdt.msw.build,1.0.0.201109151620,"org.eclipse.cdt.msw.build",1330031593050
stopped,bundle,org.eclipse.cdt.managedbuilder.core,8.0.1.201109151620,"org.eclipse.cdt.managedbuilder.core",1330031593119
stopped,bundle,org.eclipse.cdt.make.core,7.1.1.201109151620,"org.eclipse.cdt.make.core",1330031593119
stopped,bundle,org.eclipse.cdt.mylyn.ui,3.6.0.v20110608-1400,"org.eclipse.cdt.mylyn.ui",1330031593119
stopped,bundle,org.eclipse.cdt.codan.ui,2.0.0.201109151620,"org.eclipse.cdt.codan.ui",1330031593119
stopped,bundle,org.eclipse.cdt.ui,5.3.1.201109151620,"org.eclipse.cdt.ui",1330031593135
stopped,bundle,org.eclipse.cdt.core,5.3.1.201109151620,"org.eclipse.cdt.core",1330031593243
stopped,bundle,org.eclipse.egit.ui,1.1.0.201109151100-r,"org.eclipse.egit.ui",1330031593246
stopped,bundle,org.eclipse.equinox.p2.ui.sdk,1.0.200.v20110502-1955,"org.eclipse.equinox.p2.ui.sdk",1330031593246
stopped,bundle,org.eclipse.rse.importexport,1.2.200.v201105021534,"org.eclipse.rse.importexport",1330031593246
stopped,bundle,org.eclipse.rse.subsystems.shells.telnet,1.2.200.v201101042155,"org.eclipse.rse.subsystems.shells.telnet",1330031593246
stopped,bundle,org.eclipse.rse.shells.ui,3.0.301.R33x_v201107181530,"org.eclipse.rse.shells.ui",1330031593246
stopped,bundle,org.eclipse.rse.files.ui,3.2.1.R33x_v201109141647,"org.eclipse.rse.files.ui",1330031593246
stopped,bundle,org.eclipse.rse.processes.ui,3.0.300.v201101042155,"org.eclipse.rse.processes.ui",1330031593247
stopped,bundle,org.eclipse.ant.ui,3.5.100.v20110510,"org.eclipse.ant.ui",1330031593247
stopped,bundle,org.eclipse.jdt.junit,3.7.0.v20110505-0800,"org.eclipse.jdt.junit",1330031593248
stopped,bundle,org.eclipse.jdt.debug.ui,3.6.1.v20110803_r371,"org.eclipse.jdt.debug.ui",1330031593248
stopped,bundle,org.eclipse.jdt.apt.ui,3.3.300.v20110305-1450,"org.eclipse.jdt.apt.ui",1330031593248
stopped,bundle,org.eclipse.jdt.ui,3.7.1.r371_v20110824-0800,"org.eclipse.jdt.ui",1330031593283
stopped,bundle,org.eclipse.search,3.7.0.v20110505-0800,"org.eclipse.search",1330031593283
stopped,bundle,org.eclipse.mylyn.commons.team,0.8.0.v20110608-1400,"org.eclipse.mylyn.commons.team",1330031593283
stopped,bundle,org.eclipse.mylyn.team.ui,3.6.1.v20110825-0100,"org.eclipse.mylyn.team.ui",1330031593283
stopped,bundle,org.eclipse.ui.navigator.resources,3.4.300.I20110421-1800,"org.eclipse.ui.navigator.resources",1330031593283
activated,perspective,org.eclipse.jdt.ui,,"org.eclipse.jdt.ui.JavaPerspective",1340645138896
started,bundle,org.eclipse.osgi,3.7.1.R37x_v20110808-1106,"org.eclipse.osgi",1340645138897
started,bundle,org.eclipse.equinox.simpleconfigurator,1.0.200.v20110502-1955,"org.eclipse.equinox.simpleconfigurator",1340645138905
started,bundle,com.ibm.icu,4.4.2.v20110208,"com.ibm.icu",1340645138927
started,bundle,org.eclipse.cdt.codan.checkers,1.0.0.201109151620,"org.eclipse.cdt.codan.checkers",1340645138928
started,bundle,org.eclipse.cdt.codan.core,2.0.0.201109151620,"org.eclipse.cdt.codan.core",1340645138929
started,bundle,org.eclipse.cdt.codan.core.cxx,1.0.0.201109151620,"org.eclipse.cdt.codan.core.cxx",1340645138930
started,bundle,org.eclipse.cdt.codan.ui.cxx,2.0.0.201109151620,"org.eclipse.cdt.codan.ui.cxx",1340645138931
started,bundle,org.eclipse.cdt.core,5.3.1.201109151620,"org.eclipse.cdt.core",1340645138945
started,bundle,org.eclipse.cdt.make.core,7.1.1.201109151620,"org.eclipse.cdt.make.core",1340645138965
started,bundle,org.eclipse.cdt.make.ui,7.1.1.201109151620,"org.eclipse.cdt.make.ui",1340645138967
started,bundle,org.eclipse.cdt.managedbuilder.core,8.0.1.201109151620,"org.eclipse.cdt.managedbuilder.core",1340645138999
started,bundle,org.eclipse.cdt.ui,5.3.1.201109151620,"org.eclipse.cdt.ui",1340645139047
started,bundle,org.eclipse.core.contenttype,3.4.100.v20110423-0524,"org.eclipse.core.contenttype",1340645139053
started,bundle,org.eclipse.core.databinding.observable,1.4.0.I20110222-0800,"org.eclipse.core.databinding.observable",1340645139055
started,bundle,org.eclipse.core.expressions,3.4.300.v20110228,"org.eclipse.core.expressions",1340645139063
started,bundle,org.eclipse.core.filebuffers,3.5.200.v20110505-0800,"org.eclipse.core.filebuffers",1340645139064
started,bundle,org.eclipse.core.filesystem,1.3.100.v20110423-0524,"org.eclipse.core.filesystem",1340645139065
started,bundle,org.eclipse.core.jobs,3.5.100.v20110404,"org.eclipse.core.jobs",1340645139066
started,bundle,org.eclipse.core.net,1.2.100.I20110511-0800,"org.eclipse.core.net",1340645139067
started,bundle,org.eclipse.core.resources,3.7.100.v20110510-0712,"org.eclipse.core.resources",1340645139102
started,bundle,org.eclipse.core.runtime,3.7.0.v20110110,"org.eclipse.core.runtime",1340645139111
started,bundle,org.eclipse.core.runtime.compatibility,3.2.100.v20100505,"org.eclipse.core.runtime.compatibility",1340645139113
started,bundle,org.eclipse.core.runtime.compatibility.auth,3.2.200.v20110110,"org.eclipse.core.runtime.compatibility.auth",1340645139114
started,bundle,org.eclipse.epp.mpc.ui,1.1.1.I20110907-0947,"org.eclipse.epp.mpc.ui",1340645139114
started,bundle,org.eclipse.epp.usagedata.gathering,1.3.1.R201106061540,"org.eclipse.epp.usagedata.gathering",1340645139115
started,bundle,org.eclipse.epp.usagedata.recording,1.3.1.R201106061540,"org.eclipse.epp.usagedata.recording",1340645139116
started,bundle,org.eclipse.equinox.app,1.3.100.v20110321,"org.eclipse.equinox.app",1340645139116
started,bundle,org.eclipse.equinox.common,3.6.0.v20110523,"org.eclipse.equinox.common",1340645139117
started,bundle,org.eclipse.equinox.ds,1.3.1.R37x_v20110701,"org.eclipse.equinox.ds",1340645139118
started,bundle,org.eclipse.equinox.event,1.2.100.v20110502,"org.eclipse.equinox.event",1340645139119
started,bundle,org.eclipse.equinox.p2.core,2.1.0.v20110502-1955,"org.eclipse.equinox.p2.core",1340645139126
started,bundle,org.eclipse.equinox.p2.directorywatcher,1.0.300.v20110502-1955,"org.eclipse.equinox.p2.directorywatcher",1340645139128
started,bundle,org.eclipse.equinox.p2.engine,2.1.0.v20110511,"org.eclipse.equinox.p2.engine",1340645139131
started,bundle,org.eclipse.equinox.p2.metadata,2.1.0.v20110510,"org.eclipse.equinox.p2.metadata",1340645139135
started,bundle,org.eclipse.equinox.p2.metadata.repository,1.2.0.v20110511-1359,"org.eclipse.equinox.p2.metadata.repository",1340645139136
started,bundle,org.eclipse.equinox.p2.operations,2.1.0.v20110511-1821,"org.eclipse.equinox.p2.operations",1340645139140
started,bundle,org.eclipse.equinox.p2.reconciler.dropins,1.1.100.v20110510,"org.eclipse.equinox.p2.reconciler.dropins",1340645139144
started,bundle,org.eclipse.equinox.p2.repository,2.1.0.v20110601,"org.eclipse.equinox.p2.repository",1340645139148
started,bundle,org.eclipse.equinox.p2.ui.sdk.scheduler,1.0.100.v20110502-1955,"org.eclipse.equinox.p2.ui.sdk.scheduler",1340645139154
started,bundle,org.eclipse.equinox.p2.updatechecker,1.1.200.v20110502-1955,"org.eclipse.equinox.p2.updatechecker",1340645139161
started,bundle,org.eclipse.equinox.preferences,3.4.1.R37x_v20110725,"org.eclipse.equinox.preferences",1340645139165
started,bundle,org.eclipse.equinox.registry,3.5.101.R37x_v20110810-1611,"org.eclipse.equinox.registry",1340645139167
started,bundle,org.eclipse.equinox.security,1.1.1.R37x_v20110822-1018,"org.eclipse.equinox.security",1340645139169
started,bundle,org.eclipse.equinox.util,1.0.300.v20110502,"org.eclipse.equinox.util",1340645139170
started,bundle,org.eclipse.help,3.5.100.v20110426,"org.eclipse.help",1340645139182
started,bundle,org.eclipse.jface,3.7.0.I20110522-1430,"org.eclipse.jface",1340645139192
started,bundle,org.eclipse.ltk.core.refactoring,3.5.201.r371_v20110824-0800,"org.eclipse.ltk.core.refactoring",1340645139205
started,bundle,org.eclipse.mylyn.bugzilla.core,3.6.2.v20110903-0100,"org.eclipse.mylyn.bugzilla.core",1340645139214
started,bundle,org.eclipse.mylyn.bugzilla.ui,3.6.0.v20110608-1400,"org.eclipse.mylyn.bugzilla.ui",1340645139219
started,bundle,org.eclipse.mylyn.commons.identity,0.8.0.v20110608-1400,"org.eclipse.mylyn.commons.identity",1340645139220
started,bundle,org.eclipse.mylyn.commons.net,3.6.0.v20110608-1400,"org.eclipse.mylyn.commons.net",1340645139220
started,bundle,org.eclipse.mylyn.commons.ui,3.6.1.v20110720-0100,"org.eclipse.mylyn.commons.ui",1340645139224
started,bundle,org.eclipse.mylyn.context.core,3.6.1.v20110720-0100,"org.eclipse.mylyn.context.core",1340645139230
started,bundle,org.eclipse.mylyn.context.ui,3.6.0.v20110608-1400,"org.eclipse.mylyn.context.ui",1340645139233
started,bundle,org.eclipse.mylyn.monitor.ui,3.6.0.v20110608-1400,"org.eclipse.mylyn.monitor.ui",1340645139233
started,bundle,org.eclipse.mylyn.tasks.ui,3.6.2.v20110826-0100,"org.eclipse.mylyn.tasks.ui",1340645139250
started,bundle,org.eclipse.mylyn.team.ui,3.6.1.v20110825-0100,"org.eclipse.mylyn.team.ui",1340645139252
started,bundle,org.eclipse.search,3.7.0.v20110505-0800,"org.eclipse.search",1340645139265
started,bundle,org.eclipse.team.core,3.6.0.I20110525-0800,"org.eclipse.team.core",1340645139270
started,bundle,org.eclipse.ui,3.7.0.I20110602-0100,"org.eclipse.ui",1340645139284
started,bundle,org.eclipse.ui.editors,3.7.0.v20110517-0800,"org.eclipse.ui.editors",1340645139293
started,bundle,org.eclipse.ui.forms,3.5.100.v20110425,"org.eclipse.ui.forms",1340645139301
started,bundle,org.eclipse.ui.ide,3.7.0.v20110809-1737,"org.eclipse.ui.ide",1340645139309
started,bundle,org.eclipse.ui.navigator,3.5.100.v20110809-2227,"org.eclipse.ui.navigator",1340645139336
started,bundle,org.eclipse.ui.net,1.2.100.I20110511-0800,"org.eclipse.ui.net",1340645139340
started,bundle,org.eclipse.ui.views,3.6.0.I20110412-0800,"org.eclipse.ui.views",1340645139344
started,bundle,org.eclipse.ui.views.log,1.0.200.v20110404,"org.eclipse.ui.views.log",1340645139345
started,bundle,org.eclipse.ui.workbench,3.7.0.I20110519-0100,"org.eclipse.ui.workbench",1340645139361
started,bundle,org.eclipse.ui.workbench.texteditor,3.7.0.v20110505-0800,"org.eclipse.ui.workbench.texteditor",1340645139362
started,bundle,org.eclipse.update.configurator,3.3.100.v20100512,"org.eclipse.update.configurator",1340645139363
started,bundle,org.eclipse.jdt.core,3.7.1.v_B76_R37x,"org.eclipse.jdt.core",1340645139376
started,bundle,org.eclipse.jdt.core.manipulation,1.4.0.v20110505-0800,"org.eclipse.jdt.core.manipulation",1340645139388
started,bundle,org.eclipse.jdt.ui,3.7.1.r371_v20110824-0800,"org.eclipse.jdt.ui",1340645139423
started,bundle,org.eclipse.pde.launching,3.6.0.v20110506,"org.eclipse.pde.launching",1340645139449
